media/de/a1/u01-a01.mp3	https://d8j0ntlcm91z4.cloudfront.net/user_3CIlOIVYyY7BGEQ6xUIoqXsPhYb/hf_20260726_135452_38262c38-b8c2-4fa5-8375-d0dfe567328d.mp3
media/de/a1/u01-a02.mp3	https://d8j0ntlcm91z4.cloudfront.net/user_3CIlOIVYyY7BGEQ6xUIoqXsPhYb/hf_20260726_135502_3df40d2c-4676-49d9-a3ac-b29e9dba27d9.mp3
media/de/a1/u01-a03.mp3	https://d8j0ntlcm91z4.cloudfront.net/user_3CIlOIVYyY7BGEQ6xUIoqXsPhYb/hf_20260726_135512_0e77609b-d327-478b-b415-9b6ea7922d24.mp3
media/de/a1/u01-a04.mp3	https://d8j0ntlcm91z4.cloudfront.net/user_3CIlOIVYyY7BGEQ6xUIoqXsPhYb/hf_20260726_135521_de04c677-9369-44a9-bde3-4d3561086218.mp3
media/de/a1/u01-a05.mp3	https://d8j0ntlcm91z4.cloudfront.net/user_3CIlOIVYyY7BGEQ6xUIoqXsPhYb/hf_20260726_135531_807c5e97-b162-41a1-8b23-27b5cec97658.mp3
media/de/a1/u01-berufe.jpg	https://d8j0ntlcm91z4.cloudfront.net/user_3CIlOIVYyY7BGEQ6xUIoqXsPhYb/hf_20260726_131306_afc7addf-67bb-4aae-84ad-de40579fa2a3.png
media/de/a1/u01-bruno.jpg	https://d8j0ntlcm91z4.cloudfront.net/user_3CIlOIVYyY7BGEQ6xUIoqXsPhYb/hf_20260726_131140_dc3ddd1f-bdad-4e9e-b314-80cd62473013.png
media/de/a1/u01-cast.jpg	https://d8j0ntlcm91z4.cloudfront.net/user_3CIlOIVYyY7BGEQ6xUIoqXsPhYb/hf_20260726_130313_1b0ae4ef-fbcd-453d-804a-e23000221d88.png
media/de/a1/u01-cover.jpg	https://d8j0ntlcm91z4.cloudfront.net/user_3CIlOIVYyY7BGEQ6xUIoqXsPhYb/hf_20260726_131152_001f74c2-d92a-4ca4-b68c-515f4a1ff9da.png
media/de/a1/u01-dialog.jpg	https://d8j0ntlcm91z4.cloudfront.net/user_3CIlOIVYyY7BGEQ6xUIoqXsPhYb/hf_20260726_131216_519d950f-fcf8-42ed-8844-0805678dd7d0.png
media/de/a1/u01-emma.jpg	https://d8j0ntlcm91z4.cloudfront.net/user_3CIlOIVYyY7BGEQ6xUIoqXsPhYb/hf_20260726_131126_71d8f29b-a403-48e0-bf81-f9986080a691.png
media/de/a1/u01-greetings.jpg	https://d8j0ntlcm91z4.cloudfront.net/user_3CIlOIVYyY7BGEQ6xUIoqXsPhYb/hf_20260726_131227_3d3de4dd-9d44-4f65-9678-5bdcdd69875e.png
media/de/a1/u01-julia.jpg	https://d8j0ntlcm91z4.cloudfront.net/user_3CIlOIVYyY7BGEQ6xUIoqXsPhYb/hf_20260726_131113_adac759c-9727-4c32-bc13-30c0cbd05b97.png
media/de/a1/u01-leipzig.jpg	https://d8j0ntlcm91z4.cloudfront.net/user_3CIlOIVYyY7BGEQ6xUIoqXsPhYb/hf_20260726_131253_4b980b8c-1c0e-48e9-9d64-3b8603b72f03.png
media/de/a1/u01-lukas.jpg	https://d8j0ntlcm91z4.cloudfront.net/user_3CIlOIVYyY7BGEQ6xUIoqXsPhYb/hf_20260726_131119_8bf4efdc-5a4c-484a-a528-55d82686d9b9.png
media/de/a1/u01-map.jpg	https://d8j0ntlcm91z4.cloudfront.net/user_3CIlOIVYyY7BGEQ6xUIoqXsPhYb/hf_20260726_131242_e7fa31d4-876b-4933-aad3-18b828cbe0e3.png
media/de/a1/u01-markus.jpg	https://d8j0ntlcm91z4.cloudfront.net/user_3CIlOIVYyY7BGEQ6xUIoqXsPhYb/hf_20260726_131106_ed8656af-463a-4984-afe6-20995ac48ce4.png
media/de/a1/u01-schneider.jpg	https://d8j0ntlcm91z4.cloudfront.net/user_3CIlOIVYyY7BGEQ6xUIoqXsPhYb/hf_20260726_131133_9603d9c4-ec81-4116-969b-a622e18e8c0c.png
media/de/a1/u01-story.jpg	https://d8j0ntlcm91z4.cloudfront.net/user_3CIlOIVYyY7BGEQ6xUIoqXsPhYb/hf_20260726_131203_0332409a-23c6-44ab-8709-514e1b999db8.png
media/de/a1/u02-a01.mp3	https://d8j0ntlcm91z4.cloudfront.net/user_3CIlOIVYyY7BGEQ6xUIoqXsPhYb/hf_20260726_151635_3550b843-3f08-47fd-a6c4-f6fa26f013d6.mp3
media/de/a1/u02-a02.mp3	https://d8j0ntlcm91z4.cloudfront.net/user_3CIlOIVYyY7BGEQ6xUIoqXsPhYb/hf_20260726_151649_dc3953bb-2ee3-4263-8403-feb80c1c31b6.mp3
media/de/a1/u02-a03.mp3	https://d8j0ntlcm91z4.cloudfront.net/user_3CIlOIVYyY7BGEQ6xUIoqXsPhYb/hf_20260726_151700_ad18c8a2-036c-4815-b078-fc11539801d2.mp3
media/de/a1/u02-a04.mp3	https://d8j0ntlcm91z4.cloudfront.net/user_3CIlOIVYyY7BGEQ6xUIoqXsPhYb/hf_20260726_151711_accccf61-1baf-46a6-9532-a3358be7af19.mp3
media/de/a1/u02-a05.mp3	https://d8j0ntlcm91z4.cloudfront.net/user_3CIlOIVYyY7BGEQ6xUIoqXsPhYb/hf_20260726_151725_daeca101-c488-4403-a788-a6726f0e6101.mp3
media/de/a1/u02-bruno.jpg	https://d8j0ntlcm91z4.cloudfront.net/user_3CIlOIVYyY7BGEQ6xUIoqXsPhYb/hf_20260726_131140_dc3ddd1f-bdad-4e9e-b314-80cd62473013.png
media/de/a1/u02-cover.jpg	https://d8j0ntlcm91z4.cloudfront.net/user_3CIlOIVYyY7BGEQ6xUIoqXsPhYb/hf_20260726_150210_1cbadc00-f36a-444c-81aa-94c13658c6ce.png
media/de/a1/u02-dialog.jpg	https://d8j0ntlcm91z4.cloudfront.net/user_3CIlOIVYyY7BGEQ6xUIoqXsPhYb/hf_20260726_150312_129d79aa-a508-42db-aa41-55dd573fba1b.png
media/de/a1/u02-emma.jpg	https://d8j0ntlcm91z4.cloudfront.net/user_3CIlOIVYyY7BGEQ6xUIoqXsPhYb/hf_20260726_131126_71d8f29b-a403-48e0-bf81-f9986080a691.png
media/de/a1/u02-haus.jpg	https://d8j0ntlcm91z4.cloudfront.net/user_3CIlOIVYyY7BGEQ6xUIoqXsPhYb/hf_20260726_151757_2a6442c3-4f15-4e4f-9760-a790f1c167b4.png
media/de/a1/u02-julia.jpg	https://d8j0ntlcm91z4.cloudfront.net/user_3CIlOIVYyY7BGEQ6xUIoqXsPhYb/hf_20260726_131113_adac759c-9727-4c32-bc13-30c0cbd05b97.png
media/de/a1/u02-kultur.jpg	https://d8j0ntlcm91z4.cloudfront.net/user_3CIlOIVYyY7BGEQ6xUIoqXsPhYb/hf_20260726_150327_075ec4d8-7949-48e1-bca1-73ca3ea6fe5a.png
media/de/a1/u02-lukas.jpg	https://d8j0ntlcm91z4.cloudfront.net/user_3CIlOIVYyY7BGEQ6xUIoqXsPhYb/hf_20260726_131119_8bf4efdc-5a4c-484a-a528-55d82686d9b9.png
media/de/a1/u02-markus.jpg	https://d8j0ntlcm91z4.cloudfront.net/user_3CIlOIVYyY7BGEQ6xUIoqXsPhYb/hf_20260726_131106_ed8656af-463a-4984-afe6-20995ac48ce4.png
media/de/a1/u02-moebel.jpg	https://d8j0ntlcm91z4.cloudfront.net/user_3CIlOIVYyY7BGEQ6xUIoqXsPhYb/hf_20260726_150254_fd82ec59-5475-48b1-a132-bf1689538a67.png
media/de/a1/u02-oma.jpg	https://d8j0ntlcm91z4.cloudfront.net/user_3CIlOIVYyY7BGEQ6xUIoqXsPhYb/hf_20260726_150344_6bd0b437-40b5-4ffd-a3f3-a33b69d34dea.png
media/de/a1/u02-opa.jpg	https://d8j0ntlcm91z4.cloudfront.net/user_3CIlOIVYyY7BGEQ6xUIoqXsPhYb/hf_20260726_150357_0a1a6283-e039-4f85-89e3-ba7ce7e6138f.png
media/de/a1/u02-schneider.jpg	https://d8j0ntlcm91z4.cloudfront.net/user_3CIlOIVYyY7BGEQ6xUIoqXsPhYb/hf_20260726_131133_9603d9c4-ec81-4116-969b-a622e18e8c0c.png
media/de/a1/u02-story.jpg	https://d8j0ntlcm91z4.cloudfront.net/user_3CIlOIVYyY7BGEQ6xUIoqXsPhYb/hf_20260726_150225_c34c39f2-498e-4cfa-bd47-3b170c05bc79.png
media/de/a1/u03-a01.mp3	https://d8j0ntlcm91z4.cloudfront.net/user_3CIlOIVYyY7BGEQ6xUIoqXsPhYb/hf_20260726_202203_bc74c18d-d063-45c8-af82-e5d401f0e192.mp3
media/de/a1/u03-a02.mp3	https://d8j0ntlcm91z4.cloudfront.net/user_3CIlOIVYyY7BGEQ6xUIoqXsPhYb/hf_20260726_202218_511d90af-bbf8-42cb-bcbe-9afc65ac02f1.mp3
media/de/a1/u03-a03.mp3	https://d8j0ntlcm91z4.cloudfront.net/user_3CIlOIVYyY7BGEQ6xUIoqXsPhYb/hf_20260726_202233_e5da14ee-8acc-40dd-a11c-2a7599ab7781.mp3
media/de/a1/u03-a04.mp3	https://d8j0ntlcm91z4.cloudfront.net/user_3CIlOIVYyY7BGEQ6xUIoqXsPhYb/hf_20260726_202247_f4a2f4d9-28f9-4a3b-9bcc-00b231c626ec.mp3
media/de/a1/u03-bruno.jpg	https://d8j0ntlcm91z4.cloudfront.net/user_3CIlOIVYyY7BGEQ6xUIoqXsPhYb/hf_20260726_131140_dc3ddd1f-bdad-4e9e-b314-80cd62473013.png
media/de/a1/u03-cover.jpg	https://d8j0ntlcm91z4.cloudfront.net/user_3CIlOIVYyY7BGEQ6xUIoqXsPhYb/hf_20260726_200016_72deecc7-4180-4084-83b4-f518efa75e77.png
media/de/a1/u03-dialog.jpg	https://d8j0ntlcm91z4.cloudfront.net/user_3CIlOIVYyY7BGEQ6xUIoqXsPhYb/hf_20260726_200052_a6e36489-751c-499d-889b-5393940518d4.png
media/de/a1/u03-emma.jpg	https://d8j0ntlcm91z4.cloudfront.net/user_3CIlOIVYyY7BGEQ6xUIoqXsPhYb/hf_20260726_131126_71d8f29b-a403-48e0-bf81-f9986080a691.png
media/de/a1/u03-freizeit.jpg	https://d8j0ntlcm91z4.cloudfront.net/user_3CIlOIVYyY7BGEQ6xUIoqXsPhYb/hf_20260726_200105_48410d70-18cb-492f-8824-b5a44f23a692.png
media/de/a1/u03-julia.jpg	https://d8j0ntlcm91z4.cloudfront.net/user_3CIlOIVYyY7BGEQ6xUIoqXsPhYb/hf_20260726_131113_adac759c-9727-4c32-bc13-30c0cbd05b97.png
media/de/a1/u03-kultur.jpg	https://d8j0ntlcm91z4.cloudfront.net/user_3CIlOIVYyY7BGEQ6xUIoqXsPhYb/hf_20260726_200119_e4ff0a03-85d1-4be6-b14f-f26de08f58a9.png
media/de/a1/u03-lukas.jpg	https://d8j0ntlcm91z4.cloudfront.net/user_3CIlOIVYyY7BGEQ6xUIoqXsPhYb/hf_20260726_131119_8bf4efdc-5a4c-484a-a528-55d82686d9b9.png
media/de/a1/u03-markus.jpg	https://d8j0ntlcm91z4.cloudfront.net/user_3CIlOIVYyY7BGEQ6xUIoqXsPhYb/hf_20260726_131106_ed8656af-463a-4984-afe6-20995ac48ce4.png
media/de/a1/u03-schneider.jpg	https://d8j0ntlcm91z4.cloudfront.net/user_3CIlOIVYyY7BGEQ6xUIoqXsPhYb/hf_20260726_131133_9603d9c4-ec81-4116-969b-a622e18e8c0c.png
media/de/a1/u03-tagesablauf.jpg	https://d8j0ntlcm91z4.cloudfront.net/user_3CIlOIVYyY7BGEQ6xUIoqXsPhYb/hf_20260726_200036_107b74d7-b65d-43a6-9401-c56fc51560a7.png
media/de/a1/u04-a01.mp3	https://d8j0ntlcm91z4.cloudfront.net/user_3CIlOIVYyY7BGEQ6xUIoqXsPhYb/hf_20260726_203621_40a74587-2887-4f18-a21d-e90242ad298b.mp3
media/de/a1/u04-a02.mp3	https://d8j0ntlcm91z4.cloudfront.net/user_3CIlOIVYyY7BGEQ6xUIoqXsPhYb/hf_20260726_203639_c72c5ccb-34d9-4ed1-82ea-f64ce6e77108.mp3
media/de/a1/u04-a03.mp3	https://d8j0ntlcm91z4.cloudfront.net/user_3CIlOIVYyY7BGEQ6xUIoqXsPhYb/hf_20260726_203654_8d31a55a-660a-4586-830d-f48be7fbadf1.mp3
media/de/a1/u04-a04.mp3	https://d8j0ntlcm91z4.cloudfront.net/user_3CIlOIVYyY7BGEQ6xUIoqXsPhYb/hf_20260726_203710_bd54480a-8418-475a-bb34-300d74e564fd.mp3
media/de/a1/u04-bruno.jpg	https://d8j0ntlcm91z4.cloudfront.net/user_3CIlOIVYyY7BGEQ6xUIoqXsPhYb/hf_20260726_131140_dc3ddd1f-bdad-4e9e-b314-80cd62473013.png
media/de/a1/u04-cover.jpg	https://d8j0ntlcm91z4.cloudfront.net/user_3CIlOIVYyY7BGEQ6xUIoqXsPhYb/hf_20260726_200135_3e20bc44-c791-46f1-a368-b2e3be3aabba.png
media/de/a1/u04-emma.jpg	https://d8j0ntlcm91z4.cloudfront.net/user_3CIlOIVYyY7BGEQ6xUIoqXsPhYb/hf_20260726_131126_71d8f29b-a403-48e0-bf81-f9986080a691.png
media/de/a1/u04-essen.jpg	https://d8j0ntlcm91z4.cloudfront.net/user_3CIlOIVYyY7BGEQ6xUIoqXsPhYb/hf_20260726_200147_4172bdd5-c4bc-4dae-8e41-c2065fa61267.png
media/de/a1/u04-julia.jpg	https://d8j0ntlcm91z4.cloudfront.net/user_3CIlOIVYyY7BGEQ6xUIoqXsPhYb/hf_20260726_131113_adac759c-9727-4c32-bc13-30c0cbd05b97.png
media/de/a1/u04-kultur.jpg	https://d8j0ntlcm91z4.cloudfront.net/user_3CIlOIVYyY7BGEQ6xUIoqXsPhYb/hf_20260726_200245_af656187-d41a-40a0-b123-40d802d36818.png
media/de/a1/u04-lukas.jpg	https://d8j0ntlcm91z4.cloudfront.net/user_3CIlOIVYyY7BGEQ6xUIoqXsPhYb/hf_20260726_131119_8bf4efdc-5a4c-484a-a528-55d82686d9b9.png
media/de/a1/u04-markus.jpg	https://d8j0ntlcm91z4.cloudfront.net/user_3CIlOIVYyY7BGEQ6xUIoqXsPhYb/hf_20260726_131106_ed8656af-463a-4984-afe6-20995ac48ce4.png
media/de/a1/u04-restaurant.jpg	https://d8j0ntlcm91z4.cloudfront.net/user_3CIlOIVYyY7BGEQ6xUIoqXsPhYb/hf_20260726_200200_966f4473-0b12-4e55-bf5c-8b07c6eff5a9.png
media/de/a1/u04-schneider.jpg	https://d8j0ntlcm91z4.cloudfront.net/user_3CIlOIVYyY7BGEQ6xUIoqXsPhYb/hf_20260726_131133_9603d9c4-ec81-4116-969b-a622e18e8c0c.png
media/de/a1/u04-stadt.jpg	https://d8j0ntlcm91z4.cloudfront.net/user_3CIlOIVYyY7BGEQ6xUIoqXsPhYb/hf_20260726_200217_f07c06f7-d3a6-4672-b92a-000f4e345523.png
media/de/a1/u04-verkehr.jpg	https://d8j0ntlcm91z4.cloudfront.net/user_3CIlOIVYyY7BGEQ6xUIoqXsPhYb/hf_20260726_200230_9d58521d-6ee5-4454-b7c0-a2bc7a332d62.png
